time/fps,rollout/rew_collision,time/iterations,rollout/total_reward,rollout/rew_surface_coverage_2d,rollout/episode_reward,rollout/rew_termination,rollout/episode_length,time/total_timesteps,train/clip_range,train/policy_gradient_loss,train/approx_kl,train/n_updates,train/value_loss,train/entropy_loss,train/loss,train/clip_range_vf,train/learning_rate,time/training,train/clip_fraction,train/explained_variance
252,-0.066,1,0.532,0.578,0.557,0.02,19.113,16384,,,,,,,,,,,,
252,-0.074,2,0.477,0.535,0.519,0.017,18.07,32768,0.2,-0.03512452801296604,0.17536342,5,5.389623172208667,-2.849821067601442,2.880666732788086,0.2,0.0001,6.958237648010254,0.501513671875,0.6455407440662384
252,-0.066,3,0.522,0.568,0.517,0.02,17.925,49152,0.2,-0.0323955611223937,0.17650265,10,5.580610746145249,-2.8450314652174713,4.603045463562012,0.2,0.0001,6.560072660446167,0.47073974609375,0.6415245532989502
252,-0.063,4,0.558,0.597,0.577,0.024,20.184,65536,0.2,-0.032410023642296434,0.17397627,15,5.25318092033267,-2.858902993053198,2.62646484375,0.2,0.0001,6.542331218719482,0.48907470703125,0.6521986722946167
253,-0.075,5,0.512,0.568,0.539,0.019,18.615,81920,0.2,-0.034758332981436976,0.17921433,20,5.66575902365148,-2.811302703991532,3.82218861579895,0.2,0.0001,6.551380395889282,0.48792724609375,0.631182849407196
254,-0.068,6,0.56,0.606,0.564,0.022,18.957,98304,0.2,0.016935158683005356,0.12899934,25,5.397521047031178,-2.87191716596192,4.389856815338135,0.2,0.0001,2.080810785293579,0.38752297794117646,0.6591177880764008
254,-0.062,7,0.537,0.58,0.551,0.019,18.673,114688,0.2,-0.03289608657287317,0.1776665,30,5.536012797057628,-2.8598822955042125,3.683490753173828,0.2,0.0001,6.592449188232422,0.48079833984375,0.6416798233985901
254,-0.057,8,0.618,0.652,0.601,0.024,20.411,131072,0.2,-0.0345223664342484,0.18861285,35,5.705166669934988,-2.833355576172471,3.781342029571533,0.2,0.0001,6.519392251968384,0.48492431640625,0.6301361918449402
253,-0.062,9,0.58,0.62,0.556,0.023,19.185,147456,0.2,-0.03493540563940769,0.17978841,40,5.08237841129303,-2.912960513681173,2.8137083053588867,0.2,0.0001,6.511293888092041,0.48475341796875,0.674894243478775
254,-0.068,10,0.499,0.549,0.526,0.017,18.269,163840,0.2,0.009591988214616026,0.2020347,45,5.577487324953972,-2.8971873553058183,4.723372936248779,0.2,0.0001,2.7204151153564453,0.4109316479400749,0.6513959467411041
254,-0.06,11,0.562,0.601,0.592,0.021,20.597,180224,0.2,-0.003931237461039395,0.13555169,50,5.833313674405456,-2.8931777216613868,3.6685538291931152,0.2,0.0001,3.162052631378174,0.42011655948553056,0.6325787603855133
254,-0.064,12,0.552,0.595,0.537,0.02,18.464,196608,0.2,-0.0014929699587325255,0.15125223,55,5.459126328627269,-2.9611854275067646,3.6998674869537354,0.2,0.0001,3.0561397075653076,0.4225260416666667,0.6591533720493317
254,-0.059,13,0.579,0.614,0.562,0.024,19.612,212992,0.2,0.004054245336769815,0.23048681,60,5.712158837457643,-2.8722089929302244,4.1360297203063965,0.2,0.0001,2.790860652923584,0.408702098540146,0.6411378979682922
253,-0.062,14,0.559,0.599,0.543,0.022,18.639,229376,0.2,-0.03387667677598074,0.18412694,65,5.252221039310098,-2.8880158219486476,3.6372852325439453,0.2,0.0001,6.5182108879089355,0.4837646484375,0.6670487523078918
249,-0.06,15,0.552,0.592,0.542,0.02,18.62,245760,0.2,-0.01788345356279079,0.17305166,70,5.0686989656460835,-2.9200795304541494,4.5610671043396,0.2,0.0001,4.716609239578247,0.4754731753812636,0.6719584465026855
253,-0.067,16,0.515,0.564,0.532,0.018,17.578,262144,0.2,-0.03776021093945019,0.17497104,75,5.146072683110833,-2.8938697908073663,3.3561363220214844,0.2,0.0001,6.623901605606079,0.48433837890625,0.6620265245437622
251,-0.064,17,0.535,0.577,0.556,0.022,18.954,278528,0.2,-0.025586340310948082,0.23909025,80,5.788655122121175,-2.8483494262803686,5.00908899307251,0.2,0.0001,5.435917615890503,0.4644590435606061,0.6334420144557953
251,-0.07,18,0.533,0.583,0.545,0.019,18.896,294912,0.2,-0.03681321914918954,0.18989363,85,5.606571903452277,-2.895393319800496,3.6893181800842285,0.2,0.0001,6.589284420013428,0.4837646484375,0.6333292126655579
251,-0.066,19,0.548,0.593,0.53,0.021,17.657,311296,0.2,-0.03499929897443508,0.18248719,90,5.363196954876185,-2.9509869046509265,1.708898901939392,0.2,0.0001,6.567344665527344,0.4941162109375,0.640588104724884
251,-0.059,20,0.581,0.618,0.562,0.021,19.279,327680,0.2,-0.03452005668586935,0.17622297,95,5.4298503749072555,-2.911110694333911,2.7314209938049316,0.2,0.0001,6.544283628463745,0.483837890625,0.6451721489429474
253,-0.066,21,0.556,0.602,0.534,0.019,18.244,344064,0.2,-0.02197954123544747,0.17925577,100,5.245601568286775,-2.987052246995641,3.0067708492279053,0.2,0.0001,4.504164457321167,0.4593643947963801,0.6577450633049011
253,-0.063,22,0.558,0.599,0.578,0.022,19.602,360448,0.2,-0.036608749974402596,0.18006447,105,5.557799705117941,-2.9226832684129476,3.8118045330047607,0.2,0.0001,6.53983211517334,0.49002685546875,0.6438429355621338
252,-0.059,23,0.599,0.634,0.569,0.024,19.736,376832,0.2,-0.036161468237696684,0.1763179,110,5.057020204514265,-3.011747722700238,2.682325601577759,0.2,0.0001,6.5709569454193115,0.49169921875,0.6692742705345154
253,-0.066,24,0.556,0.6,0.553,0.022,18.765,393216,0.2,-0.033575422504632656,0.19326785,115,5.386200101900909,-2.9828016669063246,2.8054051399230957,0.2,0.0001,5.990058660507202,0.4805217161016949,0.6561290621757507
253,-0.064,25,0.507,0.55,0.541,0.02,18.788,409600,0.2,-0.00013468998949974775,0.26601478,120,5.529595400605883,-2.982436273779188,3.209028959274292,0.2,0.0001,2.88041090965271,0.4193638392857143,0.6504365503787994
253,-0.067,26,0.537,0.584,0.562,0.02,19.596,425984,0.2,-0.03449950420617824,0.1838102,125,5.987467300146818,-2.9144865103065967,3.5752875804901123,0.2,0.0001,6.541113615036011,0.4825927734375,0.6180193722248077
252,-0.057,27,0.622,0.654,0.613,0.024,20.539,442368,0.2,0.013132647395185713,0.12847796,130,5.809122920036316,-2.9885862761073643,5.857067108154297,0.2,0.0001,1.8297836780548096,0.37265625,0.6311146318912506
253,-0.067,28,0.538,0.585,0.527,0.019,17.546,458752,0.2,0.027069988990983656,0.14285992,135,5.167347438873783,-3.0113682177758987,2.297593832015991,0.2,0.0001,1.5716001987457275,0.38382056451612906,0.6633463203907013
253,-0.062,29,0.574,0.615,0.556,0.021,19.315,475136,0.2,0.0073328670079134545,0.19965325,140,5.923182832969809,-2.9784489010864834,6.469793796539307,0.2,0.0001,2.709651231765747,0.41745283018867924,0.6298854351043701
254,-0.066,30,0.531,0.576,0.537,0.021,18.233,491520,0.2,-0.03416473597784031,0.17982139,145,5.456389435700008,-3.067680851979689,5.07278299331665,0.2,0.0001,6.262264728546143,0.4802531452922078,0.6546899378299713
253,-0.064,31,0.563,0.607,0.547,0.02,18.502,507904,0.2,-0.03733885592373554,0.18282798,150,5.222529336437583,-3.0991945415735245,2.7797634601593018,0.2,0.0001,6.578586101531982,0.49246826171875,0.6636725962162018
254,-0.064,32,0.575,0.617,0.589,0.022,20.239,524288,0.2,-0.03507777585327858,0.17277348,155,5.545024375617504,-2.9718056436628104,4.926882743835449,0.2,0.0001,6.525125741958618,0.47901611328125,0.6509667336940765
253,-0.055,33,0.582,0.614,0.57,0.023,19.205,540672,0.2,-0.035933167059556584,0.18123102,160,5.345280938223004,-2.9800936456769707,3.822718620300293,0.2,0.0001,6.552520751953125,0.489111328125,0.6593193411827087
254,-0.066,34,0.567,0.612,0.556,0.021,18.786,557056,0.2,0.016331339737672996,0.15009142,165,5.702825243880109,-2.963783142043323,3.527864933013916,0.2,0.0001,1.6639554500579834,0.3912919207317073,0.6505617499351501
254,-0.06,35,0.583,0.621,0.596,0.023,20.459,573440,0.2,-0.03208266100553787,0.18182456,170,5.701836531480922,-3.0004806345787602,2.931379795074463,0.2,0.0001,6.363230228424072,0.47909118357487923,0.6291459798812866
254,-0.061,36,0.608,0.642,0.596,0.027,20.549,589824,0.2,-0.015279414240376786,0.17679179,175,5.66878186582954,-2.981135463827594,3.8708713054656982,0.2,0.0001,4.287084579467773,0.45986374407582936,0.6337961256504059
254,-0.069,37,0.532,0.58,0.537,0.022,18.058,606208,0.2,-0.03245046087249648,0.17247313,180,5.765639428794384,-2.9898266047239304,3.500037908554077,0.2,0.0001,6.573582649230957,0.475439453125,0.6338135898113251
254,-0.068,38,0.507,0.556,0.546,0.019,18.454,622592,0.2,-0.03264254775570064,0.17744496,185,5.369787853272235,-2.9624994262320095,3.899289846420288,0.2,0.0001,6.2308220863342285,0.4716316598360656,0.6657704412937164
254,-0.065,39,0.513,0.558,0.516,0.02,17.086,638976,0.2,-0.005846967145440762,0.16406722,190,5.590721440586177,-2.994743624871427,4.926253318786621,0.2,0.0001,3.6563944816589355,0.4353693181818182,0.6390036344528198
253,-0.069,40,0.487,0.539,0.556,0.017,19.25,655360,0.2,-0.030593757538052675,0.18789157,195,5.702243975402935,-2.956811151054215,4.576930046081543,0.2,0.0001,6.088599443435669,0.4773397976391231,0.6418697834014893
254,-0.064,41,0.564,0.608,0.566,0.02,19.735,671744,0.2,-0.023789260936375227,0.15909515,200,5.841819454585353,-2.975889030483461,3.9166347980499268,0.2,0.0001,5.1018898487091064,0.45901587701612906,0.6273574829101562
254,-0.051,42,0.631,0.655,0.589,0.027,20.606,688128,0.2,-0.02995811873993161,0.20403835,205,5.6917653658596485,-2.9980999545047156,3.5179762840270996,0.2,0.0001,5.981081008911133,0.46946625636672323,0.6391519904136658
254,-0.068,43,0.555,0.602,0.573,0.021,19.659,704512,0.2,-0.023122111450640907,0.16945237,210,5.612924949504,-3.0013729969500536,2.130788564682007,0.2,0.0001,5.0916314125061035,0.4788260814889336,0.6421433389186859
254,-0.066,44,0.513,0.559,0.521,0.02,17.22,720896,0.2,0.007968164004024959,0.11200039,215,5.4458534398935905,-3.001649569805866,5.125166893005371,0.2,0.0001,2.1986889839172363,0.38536866359447003,0.6516340970993042
253,-0.066,45,0.514,0.56,0.563,0.02,19.458,737280,0.2,-0.03297053103901069,0.19104798,220,5.571217561447168,-2.9334702280503286,2.2496073246002197,0.2,0.0001,6.429147243499756,0.4779717167721519,0.644976794719696
254,-0.065,46,0.548,0.592,0.554,0.022,19.661,753664,0.2,0.037094204778303254,0.56375206,225,5.237822819839824,-2.991335973595128,5.317591190338135,0.2,0.0001,1.3514397144317627,0.3611505681818182,0.6610020697116852
254,-0.066,47,0.552,0.597,0.563,0.02,19.227,770048,0.2,0.011032046506730106,0.11739265,230,5.328451812514626,-2.947944337401647,2.9730687141418457,0.2,0.0001,2.459519147872925,0.4240469398340249,0.6564069986343384
254,-0.059,48,0.604,0.638,0.542,0.025,18.915,786432,0.2,0.026348034319068705,0.04978609,235,5.197161408833095,-2.9584934234619142,6.093070983886719,0.2,0.0001,0.35445547103881836,0.2330357142857143,0.653633326292038
255,-0.058,49,0.593,0.627,0.568,0.023,19.508,802816,0.2,0.02974543613071243,0.29894698,240,5.340710520744324,-2.991744267145793,3.5086123943328857,0.2,0.0001,1.5362353324890137,0.3720833333333333,0.6596518158912659
255,-0.062,50,0.565,0.604,0.582,0.022,19.857,819200,0.2,-0.0336198038465227,0.18380395,245,5.412480601295829,-2.996485352143645,3.307551383972168,0.2,0.0001,6.477588653564453,0.49490966796875,0.6454800069332123
255,-0.062,51,0.584,0.622,0.566,0.024,19.579,835584,0.2,-0.0211087665066786,0.1813851,250,5.146626614413019,-2.976338326425876,2.5224838256835938,0.2,0.0001,4.755923748016357,0.4662175582627119,0.6743370592594147
255,-0.054,52,0.629,0.657,0.58,0.025,19.82,851968,0.2,0.008084350585270284,0.5102063,255,5.216230417365458,-2.9724873651319474,3.0003738403320312,0.2,0.0001,2.7351877689361572,0.40333488805970147,0.6738904416561127
255,-0.057,53,0.585,0.621,0.549,0.022,18.335,868352,0.2,-0.02884467652350559,0.20036584,260,5.533200829694634,-2.9625378804998768,3.5905277729034424,0.2,0.0001,5.710546970367432,0.4661688383392226,0.6455542147159576
255,-0.063,54,0.59,0.63,0.565,0.023,19.302,884736,0.2,0.03058987082197116,0.16049398,265,5.32876271801395,-2.9454856018920044,4.03666877746582,0.2,0.0001,1.4473333358764648,0.36079545454545453,0.6624664664268494
254,-0.055,55,0.627,0.655,0.601,0.026,21.409,901120,0.2,-0.028188232886629777,0.20664236,270,4.888169479624205,-3.0330134246954907,2.0942108631134033,0.2,0.0001,5.71822190284729,0.4740508436944938,0.6835964620113373
255,-0.063,56,0.525,0.567,0.536,0.021,18.627,917504,0.2,-0.03211974372097757,0.18497221,275,5.208342140913009,-3.019042168185115,2.9639892578125,0.2,0.0001,6.489145040512085,0.48023681640625,0.666191428899765
255,-0.067,57,0.53,0.579,0.559,0.019,19.847,933888,0.2,-0.033697921030397995,0.190558,280,5.607581621408462,-2.963886405155063,3.4945578575134277,0.2,0.0001,6.461491823196411,0.47816162109375,0.6476171016693115
256,-0.066,58,0.538,0.584,0.567,0.019,19.759,950272,0.2,-0.017947103615747206,0.16382551,285,5.3264496694512085,-2.9545096587475546,2.482182741165161,0.2,0.0001,4.347303152084351,0.4461585541474654,0.6545092165470123
255,-0.058,59,0.565,0.602,0.589,0.021,19.873,966656,0.2,-0.0015069847577251494,0.14653175,290,5.611198592753637,-2.990665730266344,3.1330161094665527,0.2,0.0001,3.3776776790618896,0.43559337797619047,0.6398683190345764
256,-0.061,60,0.576,0.614,0.565,0.023,19.739,983040,0.2,0.026387838354238715,0.137009,295,5.087192160960956,-2.9821042785277734,4.371776580810547,0.2,0.0001,1.5681538581848145,0.3776542467948718,0.6716565191745758
256,-0.065,61,0.563,0.604,0.547,0.024,19.224,999424,0.2,-0.03460347264262964,0.1819287,300,5.409604951739311,-2.897512371465564,3.6742942333221436,0.2,0.0001,6.401971340179443,0.488720703125,0.655864030122757
256,-0.063,62,0.575,0.614,0.566,0.024,19.223,1015808,0.2,-0.03372428470174782,0.18336315,305,5.299321441724897,-2.960326059535146,2.2230706214904785,0.2,0.0001,6.492849111557007,0.4807373046875,0.6568776667118073
256,-0.065,63,0.53,0.575,0.545,0.02,18.543,1032192,0.2,-0.03337323338419083,0.18642856,310,5.197879093512893,-2.9711779285222293,1.467769742012024,0.2,0.0001,6.4530980587005615,0.48082275390625,0.6623715758323669
256,-0.068,64,0.557,0.606,0.552,0.02,19.214,1048576,0.2,-0.03438359594074427,0.19157214,315,5.446670267358423,-2.873239964619279,5.002240180969238,0.2,0.0001,6.476885080337524,0.4844482421875,0.6613873839378357
255,-0.054,65,0.599,0.632,0.59,0.022,20.665,1064960,0.2,-0.03439381588541437,0.19665527,320,5.530340126901865,-2.8617162752896546,4.883168697357178,0.2,0.0001,6.4613072872161865,0.4867919921875,0.6374718844890594
256,-0.066,66,0.556,0.601,0.546,0.021,18.198,1081344,0.2,-0.025957265078005467,0.20210527,325,5.104200970042836,-2.883539922887629,2.6652631759643555,0.2,0.0001,5.518094539642334,0.4805255681818182,0.6792421638965607
256,-0.061,67,0.554,0.594,0.528,0.021,18.793,1097728,0.2,-0.031242730306985322,0.19491684,330,5.557067516446113,-2.9038512885570524,5.233694553375244,0.2,0.0001,6.482170343399048,0.48446044921875,0.6397814750671387
255,-0.055,68,0.553,0.588,0.554,0.02,19.693,1114112,0.2,-0.017594728484401783,0.18889199,335,5.6996664909800145,-2.9463060241342856,4.935286998748779,0.2,0.0001,4.769160270690918,0.45587845010615713,0.6345415115356445
256,-0.052,69,0.629,0.654,0.615,0.027,22.497,1130496,0.2,-0.011864039799511283,0.21667685,340,5.267710991670613,-2.924228136402025,4.1502909660339355,0.2,0.0001,4.114951133728027,0.4503641917293233,0.6566789150238037
256,-0.06,70,0.578,0.616,0.525,0.023,18.134,1146880,0.2,-0.03411307650094386,0.18373975,345,4.964006478711963,-2.924565875530243,3.492671251296997,0.2,0.0001,6.443277835845947,0.48505859375,0.683552086353302
255,-0.048,71,0.635,0.657,0.593,0.026,21.658,1163264,0.2,-0.03225966683835495,0.21878503,350,5.494474328187425,-2.9732470150540693,4.351463317871094,0.2,0.0001,5.980153799057007,0.47537679173693087,0.6531467437744141
256,-0.064,72,0.535,0.58,0.573,0.019,20.172,1179648,0.2,0.022053144477746065,0.14437206,355,5.3811903462690465,-2.9709941934136785,3.707070827484131,0.2,0.0001,1.698413372039795,0.3832261029411765,0.6597149670124054
253,-0.059,73,0.576,0.613,0.564,0.022,19.502,1196032,0.2,-0.03414051870441101,0.19315746,360,5.000138546906266,-2.922068838979684,3.4438233375549316,0.2,0.0001,6.225849866867065,0.48825571895424835,0.6782131791114807
253,-0.052,74,0.603,0.628,0.568,0.027,19.514,1212416,0.2,0.017900690610986203,0.12912074,365,5.268143685091109,-2.9005660982359025,3.8710460662841797,0.2,0.0001,1.7036242485046387,0.39318266369047616,0.6598746180534363
254,-0.063,75,0.544,0.588,0.557,0.02,19.461,1228800,0.2,-0.02282505239160739,0.17568693,370,5.270294448475779,-2.9272249142328897,2.152557849884033,0.2,0.0001,4.940093517303467,0.46196630658436216,0.6697724759578705
254,-0.06,76,0.567,0.603,0.569,0.023,20.02,1245184,0.2,0.01669084686377549,0.1111385,375,5.474813044389939,-2.908650342155905,2.5426459312438965,0.2,0.0001,1.876481294631958,0.38306316844919786,0.652875155210495
253,-0.061,77,0.534,0.575,0.543,0.02,18.776,1261568,0.2,-0.029414313603047047,0.18435991,380,5.3108258754014965,-3.050213408470154,2.7232041358947754,0.2,0.0001,6.466442584991455,0.48505859375,0.6547030210494995
254,-0.063,78,0.582,0.622,0.586,0.024,19.517,1277952,0.2,-0.014106237698191157,0.1789823,385,5.054975119453889,-3.020055898913631,2.4752471446990967,0.2,0.0001,4.3449883460998535,0.4441550925925926,0.6743259727954865
255,-0.062,79,0.541,0.582,0.558,0.022,19.783,1294336,0.2,0.011556229969018726,0.12170175,390,5.08666550604653,-3.11071594744497,2.668466091156006,0.2,0.0001,2.126302719116211,0.3817757701421801,0.6810934543609619
255,-0.063,80,0.559,0.602,0.571,0.021,19.408,1310720,0.2,-0.03247046719916631,0.19257991,395,5.505763212712197,-3.049403783789033,3.2828710079193115,0.2,0.0001,6.279144763946533,0.48044993980738365,0.6524350047111511
254,-0.067,81,0.578,0.624,0.577,0.021,19.362,1327104,0.2,0.021416610842229934,0.15283711,400,5.302156113996738,-3.053364566186579,2.6101605892181396,0.2,0.0001,1.6406900882720947,0.3810499237804878,0.6596150696277618
255,-0.064,82,0.557,0.6,0.569,0.021,19.494,1343488,0.2,0.029828443942779257,1.3132632,405,5.476912572402362,-3.0459233605584433,4.603545665740967,0.2,0.0001,1.2988646030426025,0.3309714147286822,0.6528593301773071
255,-0.065,83,0.561,0.603,0.564,0.024,18.683,1359872,0.2,-0.033276532537638556,0.17426161,410,5.287012320756912,-3.0055692445486786,2.3085362911224365,0.2,0.0001,6.4522950649261475,0.479833984375,0.663370281457901
255,-0.068,84,0.594,0.637,0.592,0.025,19.86,1376256,0.2,-0.033465912313840815,0.18998954,415,5.309291098639369,-2.9409403461962937,1.677707314491272,0.2,0.0001,6.5484936237335205,0.48057861328125,0.6621434092521667
255,-0.064,85,0.549,0.594,0.568,0.02,19.143,1392640,0.2,0.025511462422675334,0.191405,420,4.985548453042971,-3.021762790295902,2.665447950363159,0.2,0.0001,1.506509780883789,0.3422294463087248,0.6794211864471436
255,-0.062,86,0.512,0.556,0.532,0.019,17.918,1409024,0.2,-0.001974387381536265,0.13697511,425,5.476254366503822,-3.015560949510998,3.744659423828125,0.2,0.0001,3.6389570236206055,0.4127170138888889,0.6476990878582001
256,-0.066,87,0.571,0.614,0.581,0.023,19.839,1425408,0.2,-0.02639159400488431,0.20242462,430,5.394250952082572,-3.0022362745065485,4.843480110168457,0.2,0.0001,5.626017332077026,0.4577619154676259,0.6568704843521118
255,-0.06,88,0.561,0.599,0.582,0.022,19.094,1441792,0.2,-0.01733507690612203,0.18261099,435,5.207855427290694,-3.007387008095196,2.7796618938446045,0.2,0.0001,4.723013401031494,0.4503646948608137,0.6654641926288605
256,-0.066,89,0.542,0.589,0.559,0.019,19.111,1458176,0.2,-0.035323094233172016,0.19338496,440,5.195630277320743,-3.0309405542910097,4.633761882781982,0.2,0.0001,6.455658197402954,0.481298828125,0.6574105322360992
256,-0.066,90,0.547,0.593,0.55,0.021,18.998,1474560,0.2,-0.036602129072707615,0.18145779,445,5.297455570846796,-3.025929406657815,4.326436996459961,0.2,0.0001,6.4151451587677,0.47982177734375,0.6580956876277924
256,-0.058,91,0.576,0.613,0.582,0.022,20.252,1490944,0.2,-0.033121540254796855,0.1926551,450,5.490326972678304,-3.0703240394592286,2.357456922531128,0.2,0.0001,6.451428651809692,0.4821533203125,0.6541436314582825
254,-0.065,92,0.592,0.636,0.575,0.022,19.333,1507328,0.2,-0.03416853146336507,0.2024267,455,5.091096896678209,-3.0731544084846973,2.1387887001037598,0.2,0.0001,6.554842233657837,0.487646484375,0.6693293750286102
255,-0.067,93,0.534,0.582,0.588,0.018,19.937,1523712,0.2,-0.03364284828276141,0.18838394,460,5.414660028740764,-3.017890002951026,3.8234524726867676,0.2,0.0001,6.427917957305908,0.476171875,0.6704327464103699
255,-0.07,94,0.506,0.558,0.553,0.019,18.756,1540096,0.2,-0.014286507926971732,0.21224399,465,5.284995918135041,-3.0228671518344323,2.382326126098633,0.2,0.0001,4.144782304763794,0.44525561286407767,0.6638452112674713
255,-0.065,95,0.6,0.64,0.572,0.024,19.681,1556480,0.2,-0.008568032516140333,0.14866291,470,5.351946713219227,-2.9829364360218316,3.2481300830841064,0.2,0.0001,3.5843708515167236,0.42704665492957744,0.6566806435585022
255,-0.064,96,0.552,0.596,0.567,0.02,19.793,1572864,0.2,-0.011065968084879276,0.30681652,475,5.281498493449547,-3.017610537668733,4.772826194763184,0.2,0.0001,3.908813714981079,0.44667818123393316,0.662967324256897
254,-0.061,97,0.566,0.604,0.588,0.023,20.328,1589248,0.2,-0.011624662339281623,0.19771808,480,5.750596092479063,-2.963924015512561,3.4341769218444824,0.2,0.0001,4.079653739929199,0.4316986386138614,0.6361753344535828
256,-0.057,98,0.6,0.634,0.604,0.023,20.417,1605632,0.2,-0.021246225492137928,0.17386094,485,5.246463570387467,-2.995263771907143,2.9901463985443115,0.2,0.0001,4.613745450973511,0.44772418478260867,0.6618884801864624
256,-0.064,99,0.533,0.578,0.57,0.019,19.709,1622016,0.2,-0.030844916779034098,0.203663,490,4.970679574999316,-3.0767036820280143,3.336181402206421,0.2,0.0001,5.817354202270508,0.4728582974137931,0.6776823401451111
257,-0.058,100,0.574,0.61,0.588,0.021,20.412,1638400,0.2,-0.03504626764915884,0.17964208,495,5.429190491512418,-3.063011549040675,3.1317429542541504,0.2,0.0001,6.451662540435791,0.48017578125,0.6512347161769867
255,-0.065,101,0.555,0.597,0.569,0.022,20.068,1654784,0.2,-0.02610838783670769,0.2360011,500,5.569665037445011,-3.0144538078701744,2.3355836868286133,0.2,0.0001,5.380533933639526,0.45781543151969983,0.6501183211803436
255,-0.06,102,0.564,0.601,0.582,0.023,19.387,1671168,0.2,0.014940325587910289,0.14610526,505,5.689673540492852,-3.037098877131939,3.923983097076416,0.2,0.0001,1.9442253112792969,0.3797200520833333,0.6498185694217682
255,-0.066,103,0.512,0.559,0.559,0.019,18.968,1687552,0.2,-0.007347752396542001,0.14662975,510,5.3429456871999825,-3.069517957660514,2.616065502166748,0.2,0.0001,3.5537004470825195,0.4261223591549296,0.6539476215839386
255,-0.053,104,0.601,0.63,0.572,0.024,19.274,1703936,0.2,-0.005123838045983575,0.14349568,515,5.471759339421988,-3.1115457698702813,5.536962985992432,0.2,0.0001,3.207730770111084,0.4233642578125,0.6440628468990326
253,-0.061,105,0.583,0.622,0.566,0.022,19.342,1720320,0.2,-0.02340593997160999,0.16068695,520,5.113730001449585,-3.0639099208676086,2.6748149394989014,0.2,0.0001,4.897992849349976,0.4528698979591837,0.6778362095355988
254,-0.066,106,0.59,0.631,0.596,0.025,19.907,1736704,0.2,-0.037863626528996976,0.18854165,525,5.059824328124523,-3.0900073397904633,3.3541269302368164,0.2,0.0001,6.54785943031311,0.47982177734375,0.681440681219101
253,-0.06,107,0.567,0.602,0.595,0.025,21.186,1753088,0.2,0.010235401864692167,0.13136992,530,5.470059331472929,-3.0728306899199613,4.665615558624268,0.2,0.0001,2.2311947345733643,0.39016751126126126,0.6620119214057922
254,-0.065,108,0.527,0.57,0.542,0.022,18.506,1769472,0.2,-0.015414857029476587,0.187777,535,5.354301786983714,-3.096926636976354,3.8664710521698,0.2,0.0001,4.256891489028931,0.43779411764705883,0.6598889827728271
254,-0.067,109,0.575,0.619,0.571,0.023,18.877,1785856,0.2,0.03139787291487058,0.25502193,540,5.360181206244009,-3.064222049713135,2.6838159561157227,0.2,0.0001,1.3559463024139404,0.34641203703703705,0.663310706615448
254,-0.072,110,0.478,0.534,0.533,0.016,17.621,1802240,0.2,-0.034796390298288314,0.18990588,545,5.281198927015066,-3.0104132182896137,3.752953052520752,0.2,0.0001,6.412590265274048,0.47137451171875,0.6650816798210144
253,-0.064,111,0.563,0.605,0.589,0.022,20.182,1818624,0.2,-0.033295713720144705,0.19011588,550,5.291265322640538,-3.0372079480439425,3.9187185764312744,0.2,0.0001,6.476781129837036,0.48123779296875,0.660920649766922
253,-0.051,112,0.604,0.631,0.577,0.024,19.979,1835008,0.2,-0.03299545142919593,0.18491326,555,5.161349104222468,-3.076087068628382,3.2164597511291504,0.2,0.0001,6.227520704269409,0.4826892109500805,0.6754834949970245
253,-0.063,113,0.532,0.575,0.562,0.021,20.1,1851392,0.2,-0.006655240000758557,0.15000513,560,5.35037399096296,-3.0206997160277615,4.326100826263428,0.2,0.0001,3.4601545333862305,0.4182622832369942,0.658864825963974
254,-0.064,114,0.548,0.593,0.544,0.02,18.058,1867776,0.2,-0.03439327983360272,0.1957533,565,5.208562659472227,-3.0111910827457904,3.549208641052246,0.2,0.0001,6.4241156578063965,0.48861083984375,0.6651597321033478
253,-0.067,115,0.554,0.599,0.557,0.022,19.035,1884160,0.2,0.0010966639225321818,0.1680182,570,5.313088218230662,-2.97338031711511,3.964578628540039,0.2,0.0001,2.8468549251556396,0.40992159893992935,0.6627814769744873
253,-0.065,116,0.543,0.586,0.53,0.022,17.83,1900544,0.2,-0.03479746735611115,0.18258053,575,5.578433956578374,-3.012427767366171,3.7170045375823975,0.2,0.0001,6.432424306869507,0.47962646484375,0.6360794007778168
252,-0.065,117,0.549,0.595,0.554,0.019,19.082,1916928,0.2,-0.03188787277613301,0.18011656,580,5.913506823033094,-3.01557486243546,2.3525469303131104,0.2,0.0001,6.41158127784729,0.47762451171875,0.6211268305778503
254,-0.057,118,0.539,0.574,0.551,0.022,19.372,1933312,0.2,-0.0011199707162440945,0.1567477,585,5.664835418653339,-3.053422933088201,4.359792709350586,0.2,0.0001,3.224714756011963,0.415262539184953,0.6445304751396179
253,-0.067,119,0.509,0.558,0.562,0.017,19.489,1949696,0.2,-0.012505878838004214,0.28233546,590,5.413623454331739,-3.109412599038955,3.766061544418335,0.2,0.0001,3.908442497253418,0.44424807197943444,0.6555954217910767
254,-0.061,120,0.574,0.614,0.571,0.021,19.462,1966080,0.2,-0.03469463410001481,0.18002151,595,5.29022984020412,-3.1087206874042748,4.576613426208496,0.2,0.0001,6.453981637954712,0.489501953125,0.6604444980621338
254,-0.063,121,0.567,0.608,0.535,0.022,17.884,1982464,0.2,-0.03321950976652178,0.1989236,600,5.337954331626577,-3.0982569284675536,2.261577606201172,0.2,0.0001,6.053972959518433,0.47605888429752063,0.6607955694198608
252,-0.058,122,0.551,0.588,0.549,0.021,19.321,1998848,0.2,-0.006944617887689586,0.13656239,605,5.054988234158022,-3.1128413749028403,5.571404457092285,0.2,0.0001,3.3462047576904297,0.42526355421686746,0.6763773560523987
254,-0.058,123,0.556,0.592,0.537,0.022,18.303,2015232,0.2,-0.007502699411072006,0.13723043,610,5.055792535570535,-3.122459602626887,1.9270508289337158,0.2,0.0001,3.510349988937378,0.4292879971590909,0.6823015511035919
254,-0.066,124,0.538,0.583,0.527,0.021,17.804,2031616,0.2,0.03988903303779946,0.53864217,615,5.379300019213262,-3.1158654908187517,3.9486730098724365,0.2,0.0001,1.3092892169952393,0.35126431297709926,0.6625752449035645
253,-0.065,125,0.543,0.587,0.527,0.021,17.742,2048000,0.2,-0.03522846442137961,0.16990243,620,5.533213235810399,-3.125963789224625,2.5613083839416504,0.2,0.0001,6.418398857116699,0.476953125,0.6509661972522736
254,-0.07,126,0.536,0.584,0.54,0.022,18.505,2064384,0.2,-0.031632240831662536,0.20152777,625,5.560541288327363,-3.0960425073817626,3.930386781692505,0.2,0.0001,5.923990249633789,0.47534427966101694,0.6531864404678345
254,-0.069,127,0.526,0.575,0.547,0.02,19.121,2080768,0.2,-0.018911624651057456,0.17287676,630,5.252543261573223,-3.087268863789922,3.715916156768799,0.2,0.0001,4.4561989307403564,0.44688205417607224,0.6669615209102631
253,-0.055,128,0.591,0.622,0.574,0.024,20.643,2097152,0.2,-0.011408548338876404,0.41956496,635,5.199753779111449,-3.0925259141577888,3.476985216140747,0.2,0.0001,3.886111259460449,0.45533988402061853,0.6753925681114197
254,-0.064,129,0.536,0.579,0.538,0.021,17.684,2113536,0.2,-0.03448347825105884,0.19169423,640,5.193354592472315,-3.127551597729325,2.0767736434936523,0.2,0.0001,6.425553321838379,0.49290771484375,0.660800039768219
252,-0.065,130,0.545,0.589,0.551,0.021,18.745,2129920,0.2,0.033990278840065,0.4176775,645,5.762982867314265,-3.0314263527209944,3.51985502243042,0.2,0.0001,1.306962251663208,0.35216346153846156,0.6387410461902618
252,-0.062,131,0.561,0.603,0.583,0.02,19.321,2146304,0.2,-0.032777400920167565,0.18297522,650,5.555562989413739,-3.0446659427136185,2.9364161491394043,0.2,0.0001,6.4777562618255615,0.48033447265625,0.649059921503067
252,-0.063,132,0.541,0.585,0.536,0.02,18.253,2162688,0.2,-0.03125783842342841,0.19356482,655,5.344787502839621,-3.0878868370559744,3.111544132232666,0.2,0.0001,6.090821027755737,0.4668548886138614,0.6610028445720673
252,-0.069,133,0.532,0.58,0.566,0.021,18.449,2179072,0.2,-0.01827286793388896,0.19132617,660,5.236935649906193,-3.0818020959158203,2.393211841583252,0.2,0.0001,4.477308750152588,0.4556411880630631,0.665661633014679
252,-0.057,134,0.609,0.641,0.592,0.025,20.619,2195456,0.2,-0.022620191854303296,0.17410378,665,5.373851088855577,-3.037755070561948,3.917008399963379,0.2,0.0001,4.638287544250488,0.45589334239130436,0.6628381907939911
253,-0.068,135,0.527,0.575,0.556,0.021,18.636,2211840,0.2,0.0029212470954170576,0.16947748,670,5.551935996633277,-3.0846306961497096,4.485273361206055,0.2,0.0001,2.8569278717041016,0.4031698028673835,0.6466858088970184
253,-0.058,136,0.597,0.632,0.565,0.023,19.39,2228224,0.2,-0.035294281819369645,0.20094272,675,5.382017690688372,-3.090748566016555,2.4881389141082764,0.2,0.0001,6.44440770149231,0.4883544921875,0.6543326079845428
252,-0.068,137,0.518,0.566,0.523,0.02,17.249,2244608,0.2,-0.029652335915105882,0.20153232,680,5.284896280007902,-3.1262098617142793,2.7424392700195312,0.2,0.0001,5.6000659465789795,0.4727193671454219,0.6516018807888031
252,-0.063,138,0.57,0.609,0.514,0.023,17.365,2260992,0.2,-0.035258825756318404,0.19640529,685,5.404959981888533,-3.1567840848118065,2.5984506607055664,0.2,0.0001,6.460088729858398,0.49027099609375,0.6476418375968933
253,-0.07,139,0.524,0.573,0.55,0.02,19.467,2277376,0.2,-0.03477242400840623,0.19505736,690,5.423869401216507,-3.0977727845311165,3.4063518047332764,0.2,0.0001,6.471034526824951,0.483056640625,0.6541616916656494
254,-0.069,140,0.522,0.569,0.517,0.022,17.21,2293760,0.2,-0.034375012351665644,0.1921457,695,5.566182669624686,-3.1186876125633716,3.2540855407714844,0.2,0.0001,6.454396486282349,0.4792724609375,0.6545157134532928
254,-0.057,141,0.565,0.6,0.532,0.022,18.55,2310144,0.2,-0.004085855671239517,0.17899385,700,5.523855195608881,-3.1257616587262333,4.091524124145508,0.2,0.0001,3.493307113647461,0.42995767291066284,0.6475723385810852
253,-0.057,142,0.576,0.614,0.589,0.019,19.523,2326528,0.2,-0.033028075826309976,0.19250618,705,5.618555093190027,-3.0845281873430523,5.311241149902344,0.2,0.0001,6.3130528926849365,0.49032738095238093,0.6395868062973022
254,-0.058,143,0.552,0.589,0.552,0.021,18.841,2342912,0.2,-0.030816488215350546,0.19263785,710,5.71537332162261,-3.028112381324172,4.126638889312744,0.2,0.0001,6.4381983280181885,0.4771728515625,0.6410989761352539
254,-0.061,144,0.546,0.587,0.54,0.02,18.277,2359296,0.2,-0.03244234821904683,0.18872789,715,5.1889543302357195,-3.0953079123049974,3.089174509048462,0.2,0.0001,6.475290775299072,0.4828125,0.6646950244903564
