rollout/episode_reward,rollout/rew_surface_coverage_2d,time/total_timesteps,rollout/rew_collision,rollout/rew_termination,rollout/total_reward,rollout/episode_length,time/iterations,time/fps,time/training,train/n_updates,train/policy_gradient_loss,train/clip_range_vf,train/loss,train/value_loss,train/clip_fraction,train/clip_range,train/approx_kl,train/entropy_loss,train/explained_variance,train/learning_rate
0.501,0.564,16384,-0.068,0.018,0.515,17.716,1,258,,,,,,,,,,,,
0.54,0.591,32768,-0.063,0.021,0.549,18.713,2,256,6.600749969482422,5,-0.04399265463580378,0.2,6.294565677642822,9.105831068754195,0.41624755859375,0.2,0.063963756,-4.123520538955927,0.4746721386909485,0.0001
0.563,0.569,49152,-0.064,0.017,0.522,19.989,3,247,6.487819194793701,10,-0.04434770081134047,0.2,10.029603958129883,8.351045449823141,0.40445556640625,0.2,0.06309223,-4.1067232944071295,0.4888477921485901,0.0001
0.522,0.59,65536,-0.062,0.021,0.549,18.269,4,247,6.941430568695068,15,-0.04392903009356815,0.2,4.408293724060059,7.530594665557146,0.4025146484375,0.2,0.06463528,-4.082570729777217,0.5134682953357697,0.0001
0.499,0.585,81920,-0.062,0.019,0.543,17.882,5,247,6.940297365188599,20,-0.04437209753523348,0.2,4.814440727233887,7.585931186378002,0.4021240234375,0.2,0.06321132,-4.065855965763331,0.5023523271083832,0.0001
0.505,0.592,98304,-0.063,0.019,0.548,17.974,6,247,6.880801439285278,25,-0.04289365796284983,0.2,5.086794853210449,7.284726500138641,0.4013427734375,0.2,0.062945716,-4.097139001265168,0.5235547721385956,0.0001
0.523,0.56,114688,-0.064,0.019,0.515,18.308,7,246,6.935722827911377,30,-0.04391466619708808,0.2,5.72877311706543,7.266122851148248,0.4074462890625,0.2,0.065681726,-4.101499935984611,0.5257035493850708,0.0001
0.53,0.567,131072,-0.066,0.021,0.522,18.155,8,247,6.951395273208618,35,-0.04385531662992435,0.2,4.080499172210693,6.800488906353712,0.42044677734375,0.2,0.06606807,-4.058644578978419,0.5429875552654266,0.0001
0.544,0.607,147456,-0.06,0.023,0.57,19.27,9,247,6.749107599258423,40,-0.0433310862412327,0.2,4.410044193267822,6.4658641867339615,0.41201171875,0.2,0.06809738,-4.064446569606662,0.5620716214179993,0.0001
0.484,0.569,163840,-0.063,0.019,0.525,18.014,10,247,6.689884185791016,45,-0.04274832060109475,0.2,3.2242164611816406,6.11987945176661,0.4100830078125,0.2,0.06905125,-4.111961000785231,0.5939061343669891,0.0001
0.528,0.558,180224,-0.07,0.018,0.506,18.513,11,248,6.771340370178223,50,-0.04349295878637349,0.2,6.9693450927734375,6.519011563807726,0.42325439453125,0.2,0.06679905,-4.062766556441784,0.5667104721069336,0.0001
0.542,0.564,196608,-0.066,0.018,0.515,19.356,12,247,6.740228176116943,55,-0.044890657052746974,0.2,5.935685634613037,6.44520498663187,0.40849609375,0.2,0.06803575,-4.095456238463521,0.5833793580532074,0.0001
0.532,0.565,212992,-0.068,0.021,0.518,18.637,13,247,6.744357347488403,60,-0.04467351087951101,0.2,2.586519718170166,5.965726687759161,0.432861328125,0.2,0.073743716,-4.127072950080037,0.6034594476222992,0.0001
0.561,0.624,229376,-0.057,0.02,0.587,19.331,14,247,6.712941408157349,65,-0.04311231795873027,0.2,4.092137813568115,6.3819201271981,0.422412109375,0.2,0.07242063,-4.166844943910837,0.576709657907486,0.0001
0.529,0.563,245760,-0.067,0.02,0.516,19.213,15,248,6.742079734802246,70,-0.04429520018165931,0.2,4.699798107147217,6.006679804995656,0.428759765625,0.2,0.07431015,-4.108086362853646,0.5957018435001373,0.0001
0.517,0.586,262144,-0.063,0.023,0.546,18.14,16,247,6.734999895095825,75,-0.04540280774817802,0.2,6.11967658996582,6.392028392106295,0.4194580078125,0.2,0.073064506,-4.12258109934628,0.5860941112041473,0.0001
0.523,0.569,278528,-0.063,0.02,0.526,18.953,17,247,6.7323126792907715,80,-0.045962844696623505,0.2,4.243561744689941,6.009509101137519,0.41793212890625,0.2,0.068614826,-4.138300785049796,0.6040761172771454,0.0001
0.528,0.552,294912,-0.063,0.019,0.508,19.154,18,248,6.728224277496338,85,-0.044763811862503645,0.2,3.2166662216186523,6.169607528671622,0.4282470703125,0.2,0.07538831,-4.112141597643495,0.5922268033027649,0.0001
0.536,0.564,311296,-0.064,0.021,0.521,19.164,19,248,6.7377235889434814,90,-0.0465682889931486,0.2,5.147717475891113,6.146047234535217,0.4312255859375,0.2,0.0768871,-4.0827775619924065,0.59925776720047,0.0001
0.526,0.555,327680,-0.063,0.018,0.51,18.744,20,249,6.753323793411255,95,-0.04403662270051427,0.2,4.164983749389648,6.305934546887874,0.436669921875,0.2,0.07731652,-4.01994037553668,0.5869201123714447,0.0001
0.57,0.586,344064,-0.059,0.02,0.547,20.533,21,248,6.697005271911621,100,-0.04483371814712882,0.2,4.007826805114746,6.05886443220079,0.43594970703125,0.2,0.078795835,-3.955273822322488,0.6027568578720093,0.0001
0.567,0.606,360448,-0.066,0.02,0.561,19.921,22,247,6.773046493530273,105,-0.04335331313632196,0.2,1.5819509029388428,5.774801428616047,0.446875,0.2,0.08036483,-3.988823414966464,0.6119488477706909,0.0001
0.532,0.61,376832,-0.06,0.023,0.573,19.93,23,247,6.775977849960327,110,-0.04564228732997435,0.2,5.9223408699035645,6.597769605368375,0.4348876953125,0.2,0.07652116,-3.916643571853638,0.5663425028324127,0.0001
0.53,0.567,393216,-0.07,0.017,0.514,18.172,24,247,6.690772294998169,115,-0.04245481234538602,0.2,4.026947975158691,5.957677768170834,0.4369873046875,0.2,0.080125526,-3.9513888493180276,0.6024248600006104,0.0001
0.546,0.587,409600,-0.064,0.019,0.542,19.259,25,247,6.740626573562622,120,-0.04365667673919234,0.2,3.5466136932373047,6.2098297767341135,0.44088134765625,0.2,0.0829996,-3.9084985364228486,0.5972698926925659,0.0001
0.543,0.599,425984,-0.06,0.022,0.56,19.024,26,247,6.783821105957031,125,-0.045903944305609914,0.2,3.787344217300415,6.354156965762376,0.44302978515625,0.2,0.08434418,-3.8879280466586352,0.5900408327579498,0.0001
0.542,0.559,442368,-0.067,0.018,0.51,18.717,27,247,6.791788816452026,130,-0.0445030842689448,0.2,3.632145643234253,5.916261084750294,0.45091552734375,0.2,0.07993895,-3.8921390123665334,0.619462251663208,0.0001
0.526,0.569,458752,-0.062,0.019,0.527,19.032,28,248,6.7647545337677,135,-0.046306444390211254,0.2,2.5039095878601074,6.116415408998728,0.43531494140625,0.2,0.08309147,-3.8495829824358223,0.6063131392002106,0.0001
0.51,0.566,475136,-0.061,0.018,0.524,18.165,29,248,6.77087140083313,140,-0.04101913818740286,0.2,3.839590549468994,6.549244355782866,0.4338623046875,0.2,0.07896471,-3.890798719599843,0.5766635835170746,0.0001
0.538,0.609,491520,-0.066,0.024,0.567,18.853,30,248,6.74861741065979,145,-0.041933398348919584,0.2,3.483950138092041,6.103261205926538,0.4519775390625,0.2,0.08830647,-3.8597211346030234,0.6115011870861053,0.0001
0.558,0.598,507904,-0.062,0.021,0.557,19.388,31,247,6.698559045791626,150,-0.043877815105952324,0.2,5.166652679443359,5.97882434129715,0.4365966796875,0.2,0.08853884,-3.882212498411536,0.6112998127937317,0.0001
0.536,0.566,524288,-0.07,0.019,0.515,18.963,32,248,6.744564533233643,155,-0.04400290967751062,0.2,4.598184585571289,6.088226633146405,0.4476806640625,0.2,0.08834339,-3.8460491463541984,0.6075343787670135,0.0001
0.546,0.567,540672,-0.066,0.02,0.521,18.233,33,248,6.7607152462005615,160,-0.042444277576578315,0.2,4.050378799438477,6.025973244383931,0.44017333984375,0.2,0.08522845,-3.8961702659726143,0.6045713722705841,0.0001
0.512,0.56,557056,-0.068,0.021,0.513,18.473,34,247,6.74213981628418,165,-0.04381483616307378,0.2,3.1731293201446533,5.991163310036063,0.44947509765625,0.2,0.09061901,-3.902591874450445,0.6221719086170197,0.0001
0.552,0.613,573440,-0.063,0.024,0.574,19.836,35,247,6.724233150482178,170,-0.04406638218570151,0.2,4.629587650299072,6.045465357974171,0.4480712890625,0.2,0.08612577,-3.9134443551301956,0.6199449002742767,0.0001
0.533,0.594,589824,-0.065,0.021,0.55,18.431,36,247,6.876973867416382,175,-0.04601887185272062,0.2,3.2599244117736816,5.932032361254096,0.44010009765625,0.2,0.08669517,-3.8890285447239874,0.6138237714767456,0.0001
0.557,0.611,606208,-0.065,0.024,0.569,19.799,37,247,6.732239723205566,180,-0.04402839706453961,0.2,5.253323554992676,5.641087744012475,0.44833984375,0.2,0.09199245,-3.8404884915798903,0.628589928150177,0.0001
0.566,0.631,622592,-0.059,0.021,0.593,19.341,38,247,6.680346727371216,185,-0.04345968142151833,0.2,4.298433780670166,5.769809990376234,0.4498779296875,0.2,0.0947804,-3.8474665485322475,0.6249473392963409,0.0001
0.577,0.632,638976,-0.057,0.025,0.599,20.036,39,247,6.714057683944702,190,-0.044204199642990716,0.2,4.828153610229492,5.666686730086804,0.44283447265625,0.2,0.091100484,-3.862384379655123,0.6340748071670532,0.0001
0.567,0.623,655360,-0.065,0.024,0.582,19.678,40,246,6.68380069732666,195,-0.04431953346065711,0.2,4.161883354187012,5.484716509282589,0.444775390625,0.2,0.09124403,-3.876822042092681,0.6505928337574005,0.0001
0.541,0.589,671744,-0.065,0.019,0.543,18.617,41,247,6.732976913452148,200,-0.04282794413738884,0.2,3.6164114475250244,6.118677243962884,0.46246337890625,0.2,0.09681317,-3.9005853205919268,0.6177901923656464,0.0001
0.53,0.569,688128,-0.064,0.021,0.526,18.821,42,247,6.760076522827148,205,-0.04354247473020223,0.2,5.378266334533691,6.032136420160532,0.45799560546875,0.2,0.10129844,-3.867224334925413,0.6162459850311279,0.0001
0.518,0.547,704512,-0.069,0.018,0.497,18.096,43,247,6.8057239055633545,210,-0.04381198496557772,0.2,2.9524524211883545,5.828710767999292,0.4610107421875,0.2,0.099742,-3.7994244560599326,0.6283064186573029,0.0001
0.538,0.59,720896,-0.061,0.021,0.551,19.206,44,246,6.729107141494751,215,-0.04306635042303242,0.2,4.584855079650879,6.229777170717716,0.45106201171875,0.2,0.10534386,-3.7779929012060167,0.5991917848587036,0.0001
0.544,0.609,737280,-0.06,0.022,0.571,19.584,45,247,2.035269260406494,220,0.008312739974329459,0.2,3.622652053833008,5.885082923259931,0.3603414948453608,0.2,0.070642166,-3.792165983583509,0.615882396697998,0.0001
0.54,0.581,753664,-0.063,0.019,0.538,19.83,46,245,6.776669263839722,225,-0.04510155738971662,0.2,3.648899555206299,5.780299719423056,0.4529541015625,0.2,0.09908889,-3.775284614786506,0.6279208362102509,0.0001
0.581,0.587,770048,-0.067,0.018,0.538,19.991,47,245,6.7208967208862305,230,-0.04443375900591491,0.2,3.7075960636138916,5.619037323817611,0.4580322265625,0.2,0.10112466,-3.7491997756063937,0.6321296095848083,0.0001
0.543,0.619,786432,-0.061,0.024,0.582,18.725,48,246,6.808130502700806,235,-0.04283964778296649,0.2,2.6487159729003906,6.084534329175949,0.46715087890625,0.2,0.10457802,-3.695464541763067,0.6157542169094086,0.0001
0.54,0.605,802816,-0.055,0.023,0.573,19.449,49,246,6.7315521240234375,240,-0.042781929131888316,0.2,5.115446090698242,5.752485154941678,0.465625,0.2,0.10226978,-3.6964682176709176,0.6303484737873077,0.0001
0.536,0.574,819200,-0.067,0.021,0.529,18.248,50,247,6.74089789390564,245,-0.040877200406976046,0.2,3.4196863174438477,6.080072876811028,0.45994873046875,0.2,0.09750642,-3.668092209473252,0.6186047196388245,0.0001
0.567,0.606,835584,-0.061,0.022,0.567,19.996,51,247,6.771814346313477,250,-0.04397579422511626,0.2,3.879812240600586,5.736858485266566,0.45538330078125,0.2,0.105754495,-3.703062354400754,0.6418235599994659,0.0001
0.51,0.582,851968,-0.062,0.02,0.54,18.311,52,246,6.738656997680664,255,-0.044323095467552774,0.2,4.2540974617004395,5.868291440978647,0.47216796875,0.2,0.110473424,-3.653326839208603,0.6271449029445648,0.0001
0.556,0.618,868352,-0.061,0.023,0.58,19.84,53,247,6.7784082889556885,260,-0.04103192541806493,0.2,5.783616542816162,6.110966555774212,0.4771240234375,0.2,0.11380106,-3.6360221337527037,0.6122339963912964,0.0001
0.554,0.591,884736,-0.066,0.021,0.545,19.869,54,236,6.791268825531006,265,-0.042460200282221194,0.2,4.520448207855225,6.255490697547794,0.47412109375,0.2,0.11016977,-3.6050948567688463,0.5976767539978027,0.0001
0.544,0.615,901120,-0.06,0.022,0.577,19.843,55,233,7.130571603775024,270,-0.04314496414808673,0.2,3.5020194053649902,5.8829464506357905,0.46759033203125,0.2,0.110336706,-3.632346648350358,0.6189824938774109,0.0001
0.575,0.586,917504,-0.065,0.022,0.544,19.698,56,247,6.867236375808716,275,-0.04339951401343569,0.2,5.4686126708984375,5.628757331520319,0.46820068359375,0.2,0.11013547,-3.630756854638457,0.6404013931751251,0.0001
0.547,0.595,933888,-0.061,0.02,0.554,19.051,57,247,6.696203231811523,280,-0.0425245441016159,0.2,3.3489737510681152,5.921147938072681,0.478076171875,0.2,0.11351779,-3.6145422350615264,0.6312747299671173,0.0001
0.532,0.6,950272,-0.064,0.02,0.556,19.006,58,248,6.727747917175293,285,-0.04098513121571159,0.2,4.00156831741333,6.117096396908164,0.471728515625,0.2,0.1077601,-3.610073570162058,0.6083824038505554,0.0001
0.543,0.588,966656,-0.068,0.019,0.539,18.858,59,248,6.763678550720215,290,-0.04266206948304898,0.2,3.59885311126709,6.054997313395143,0.4583984375,0.2,0.11003031,-3.5416986543685196,0.6139831840991974,0.0001
0.543,0.608,983040,-0.062,0.022,0.568,18.567,60,247,1.3808746337890625,295,0.025977728782560338,0.2,4.198718070983887,6.008439094731302,0.3484256628787879,0.2,0.2579629,-3.5035463734106584,0.6333192586898804,0.0001
0.558,0.564,999424,-0.068,0.02,0.516,19.266,61,248,6.7558534145355225,300,-0.041293007221247534,0.2,3.724379062652588,6.046141571924091,0.48226318359375,0.2,0.1197963,-3.5021891843527557,0.608147531747818,0.0001
0.564,0.608,1015808,-0.06,0.02,0.568,20.623,62,248,6.702746152877808,305,-0.0406812735258427,0.2,4.749243259429932,5.8916356805711985,0.48858642578125,0.2,0.12184726,-3.533329961821437,0.6160496473312378,0.0001
0.566,0.589,1032192,-0.056,0.023,0.557,20.685,63,249,6.748896598815918,310,-0.04122536413051421,0.2,4.04055643081665,5.890180571004748,0.487841796875,0.2,0.11731897,-3.528899648785591,0.6233649253845215,0.0001
0.56,0.605,1048576,-0.062,0.021,0.565,19.07,64,249,6.830811977386475,315,-0.04107527045198367,0.2,3.8285560607910156,5.716902476549149,0.4671630859375,0.2,0.11655857,-3.5445526760071515,0.6396051347255707,0.0001
0.531,0.549,1064960,-0.069,0.017,0.497,18.4,65,248,6.754298448562622,320,-0.042309814311010996,0.2,2.934282064437866,5.909543318673968,0.476953125,0.2,0.11289949,-3.5291564777493476,0.6222290694713593,0.0001
0.537,0.564,1081344,-0.067,0.017,0.514,18.762,66,249,1.5379300117492676,325,0.017937151195646144,0.2,4.010447978973389,6.11086843127296,0.36580569727891155,0.2,0.19280548,-3.5603608728266085,0.6069810390472412,0.0001
0.579,0.628,1097728,-0.054,0.025,0.599,20.06,67,248,6.753349542617798,330,-0.039642807064228694,0.2,4.111697196960449,6.237274660170078,0.4807373046875,0.2,0.11690131,-3.519594778120518,0.604968398809433,0.0001
0.567,0.569,1114112,-0.069,0.02,0.521,19.35,68,248,6.710351467132568,335,-0.041083038107171885,0.2,4.039291858673096,5.647873664274812,0.4724853515625,0.2,0.113531426,-3.527048857882619,0.6244757771492004,0.0001
0.555,0.599,1130496,-0.066,0.02,0.553,20.005,69,249,6.73551869392395,340,-0.04234912774845725,0.2,3.404696464538574,5.692434406280517,0.4826904296875,0.2,0.12021464,-3.554872741177678,0.6344698667526245,0.0001
0.557,0.563,1146880,-0.065,0.019,0.517,19.736,70,249,6.758633613586426,345,-0.04139394996600458,0.2,1.8593543767929077,5.879574915766716,0.470068359375,0.2,0.113531545,-3.5439798586070537,0.6229473352432251,0.0001
0.533,0.622,1163264,-0.063,0.021,0.58,18.505,71,248,6.744814395904541,350,-0.04059170650652959,0.2,4.378905773162842,5.886592711508274,0.47484130859375,0.2,0.11294718,-3.516316967830062,0.6197094917297363,0.0001
0.588,0.636,1179648,-0.058,0.023,0.6,20.966,72,248,6.723977565765381,355,-0.042800233168964044,0.2,5.767326354980469,6.039498403668404,0.48134765625,0.2,0.12485127,-3.447802349179983,0.6114933788776398,0.0001
0.556,0.573,1196032,-0.064,0.018,0.526,18.655,73,248,6.694693326950073,360,-0.04164905486250063,0.2,4.25,5.497554202377796,0.48385009765625,0.2,0.12350619,-3.5233898922801017,0.6395992338657379,0.0001
0.55,0.546,1212416,-0.067,0.019,0.498,19.415,74,248,6.782020807266235,365,-0.041301151795778424,0.2,3.4694104194641113,6.054044159501791,0.47987060546875,0.2,0.12565197,-3.519100036472082,0.6218438148498535,0.0001
0.553,0.599,1228800,-0.068,0.018,0.549,19.113,75,248,6.724113702774048,370,-0.041175007430138064,0.2,3.1789562702178955,6.078561617806554,0.4782958984375,0.2,0.11943311,-3.4763198304921388,0.6047576367855072,0.0001
0.56,0.603,1245184,-0.062,0.023,0.564,19.242,76,248,6.742011547088623,375,-0.040610451774409737,0.2,4.070502281188965,5.850081599131227,0.47685546875,0.2,0.12291223,-3.452616890147328,0.6278924942016602,0.0001
0.554,0.557,1261568,-0.065,0.019,0.512,18.581,77,249,6.714481830596924,380,-0.041304688678792445,0.2,3.144357204437256,5.896310772746801,0.47716064453125,0.2,0.12604451,-3.429137707129121,0.6204424500465393,0.0001
0.515,0.58,1277952,-0.067,0.016,0.529,17.326,78,248,6.75362491607666,385,-0.042502670618705454,0.2,3.8937344551086426,6.574606528878212,0.4570556640625,0.2,0.11662638,-3.4026432745158672,0.5826974511146545,0.0001
0.524,0.56,1294336,-0.069,0.018,0.509,18.67,79,245,3.822688341140747,390,-0.014687706672862828,0.2,4.927534103393555,6.054398729250981,0.4341303228021978,0.2,0.09938368,-3.3888546438007565,0.6160244643688202,0.0001
0.542,0.586,1310720,-0.063,0.02,0.544,19.371,80,249,6.757042646408081,395,-0.03802135478617856,0.2,3.400768756866455,6.1635615706443785,0.4814697265625,0.2,0.12133627,-3.368420013412833,0.6105568408966064,0.0001
0.523,0.548,1327104,-0.068,0.019,0.499,18.707,81,247,6.756472826004028,400,-0.03965788049972616,0.2,4.022947788238525,6.318675252422691,0.48804931640625,0.2,0.1233532,-3.3837929889559746,0.5866254568099976,0.0001
0.559,0.577,1343488,-0.061,0.021,0.537,20.371,82,248,1.4072208404541016,405,0.02745374282752511,0.2,4.677862167358398,5.909208863528807,0.3589668843283582,0.2,0.24383338,-3.3722843750199276,0.6203671395778656,0.0001
0.57,0.585,1359872,-0.06,0.02,0.544,19.92,83,249,6.693696737289429,410,-0.04318150582330418,0.2,3.3896679878234863,5.805578145384788,0.47576904296875,0.2,0.1299425,-3.428276152908802,0.6341127157211304,0.0001
0.572,0.61,1376256,-0.063,0.023,0.569,19.464,84,249,6.747263669967651,415,-0.04089410409651464,0.2,2.5650625228881836,6.263141394406557,0.4830810546875,0.2,0.12750667,-3.3782473035156726,0.5954377055168152,0.0001
0.557,0.62,1392640,-0.06,0.024,0.584,20.561,85,248,6.7107343673706055,420,-0.04061743409911287,0.2,3.497156858444214,5.753333562240004,0.47037353515625,0.2,0.12620942,-3.4018121663481,0.6318792700767517,0.0001
0.557,0.588,1409024,-0.069,0.022,0.542,19.832,86,247,2.173858642578125,425,0.008767246124018165,0.2,4.806063175201416,5.946467052385645,0.3736347087378641,0.2,0.09179057,-3.4445674419403076,0.6201397180557251,0.0001
0.566,0.606,1425408,-0.058,0.024,0.571,19.468,87,248,5.738893747329712,430,-0.034125290051570015,0.2,2.317139148712158,5.647355558687471,0.44697013376383765,0.2,0.15407586,-3.4347307774413554,0.639684408903122,0.0001
0.6,0.583,1441792,-0.063,0.021,0.54,20.679,88,246,6.7299275398254395,435,-0.03994069167019916,0.2,6.004483222961426,5.882184774056077,0.477685546875,0.2,0.1261428,-3.44818777628243,0.6250644624233246,0.0001
0.517,0.562,1458176,-0.065,0.02,0.516,17.908,89,247,4.2567667961120605,440,-0.019719551801406252,0.2,2.9448325634002686,5.751022797499972,0.3883351293103448,0.2,0.11057765,-3.4480440616607666,0.6403160989284515,0.0001
0.521,0.567,1474560,-0.068,0.02,0.519,17.923,90,248,6.7662034034729,445,-0.03650063277309527,0.2,2.854971170425415,5.863281306996941,0.46727294921875,0.2,0.117159255,-3.425536708906293,0.630605548620224,0.0001
0.553,0.612,1490944,-0.062,0.021,0.572,19.037,91,248,6.806873798370361,450,-0.03693421483476413,0.2,5.989593505859375,5.898431757465005,0.490966796875,0.2,0.12710834,-3.406135344132781,0.6166979670524597,0.0001
0.56,0.603,1507328,-0.064,0.023,0.562,19.175,92,247,6.724290609359741,455,-0.038542847528879064,0.2,4.558441162109375,6.0072410520166155,0.46588134765625,0.2,0.119003564,-3.437308623641729,0.6147628426551819,0.0001
0.557,0.567,1523712,-0.065,0.019,0.52,19.359,93,247,6.381875991821289,460,-0.03536375422363743,0.2,5.189932823181152,6.11813327255628,0.47079366721854304,0.2,0.122765906,-3.416454889126961,0.6067847907543182,0.0001
0.565,0.566,1540096,-0.07,0.019,0.514,19.483,94,248,6.705838203430176,465,-0.03536915217555361,0.2,6.1239447593688965,5.817790308594704,0.4813720703125,0.2,0.123406276,-3.3992474868893625,0.627770721912384,0.0001
0.552,0.616,1556480,-0.061,0.022,0.577,19.208,95,248,6.747218370437622,470,-0.039804799266858024,0.2,3.2532029151916504,5.503782996162772,0.47196044921875,0.2,0.1245352,-3.398887122422457,0.6437665522098541,0.0001
0.521,0.538,1572864,-0.068,0.019,0.489,17.648,96,248,2.291865825653076,475,0.0068800449073654875,0.2,4.20251989364624,5.980219022324096,0.392515696347032,0.2,0.08391427,-3.3889282642434178,0.6204361915588379,0.0001
0.504,0.581,1589248,-0.057,0.02,0.544,17.2,97,247,6.728869438171387,480,-0.03890398196090246,0.2,4.180015563964844,6.281240683794022,0.47469482421875,0.2,0.11896992,-3.4017520375549792,0.601372092962265,0.0001
0.553,0.576,1605632,-0.062,0.02,0.534,19.471,98,247,6.697558879852295,485,-0.03654843164040358,0.2,3.460238456726074,6.090193858370185,0.48133544921875,0.2,0.13368823,-3.3620269767940045,0.6074104011058807,0.0001
0.55,0.572,1622016,-0.065,0.021,0.528,19.561,99,247,6.68979024887085,490,-0.037367685631033966,0.2,4.344338417053223,6.001318176835776,0.48157958984375,0.2,0.12469653,-3.3481912039220334,0.6176788508892059,0.0001
0.548,0.58,1638400,-0.061,0.022,0.541,18.935,100,247,6.71164870262146,495,-0.04097025149094406,0.2,4.816809177398682,6.176111233606934,0.4833984375,0.2,0.13275436,-3.357436625659466,0.6126343309879303,0.0001
0.569,0.628,1654784,-0.065,0.026,0.588,19.25,101,248,6.7187676429748535,500,-0.034912787575740366,0.2,4.084260940551758,6.096111615747214,0.47103271484375,0.2,0.12562224,-3.3954239401966335,0.6125804781913757,0.0001
0.546,0.591,1671168,-0.064,0.023,0.55,19.479,102,248,5.32698392868042,505,-0.025015011857641805,0.2,3.0006203651428223,5.6158471546550786,0.468595297029703,0.2,0.1317986,-3.3576268030865357,0.6386565864086151,0.0001
0.593,0.644,1687552,-0.056,0.023,0.612,19.945,103,248,6.679842948913574,510,-0.03762350341130514,0.2,5.234612941741943,5.941450711712241,0.488037109375,0.2,0.12977254,-3.3713962946087124,0.6160068213939667,0.0001
0.573,0.597,1703936,-0.061,0.021,0.557,20.224,104,247,6.678312540054321,515,-0.036492576177988664,0.2,3.7983627319335938,5.685077641531825,0.48446044921875,0.2,0.1282603,-3.4014825262129307,0.6366730332374573,0.0001
0.547,0.601,1720320,-0.064,0.021,0.558,19.431,105,247,6.779499292373657,520,-0.036755118943983686,0.2,3.8074002265930176,5.408068278059363,0.49083251953125,0.2,0.13148625,-3.4232355765998363,0.6431077122688293,0.0001
0.525,0.589,1736704,-0.062,0.02,0.547,18.991,106,247,6.755216598510742,525,-0.03933648456732044,0.2,2.7874608039855957,5.605527794733644,0.4850830078125,0.2,0.12966532,-3.4529481597244738,0.6313624382019043,0.0001
0.563,0.623,1753088,-0.062,0.022,0.583,20.203,107,248,2.589571237564087,530,0.005366222936705298,0.2,5.5831298828125,6.132182448499115,0.39742535425101216,0.2,0.08677988,-3.4098921391645423,0.6077885031700134,0.0001
0.564,0.606,1769472,-0.059,0.022,0.569,21.018,108,247,6.72005033493042,535,-0.042771149914187845,0.2,2.7840940952301025,5.979231926053762,0.4782958984375,0.2,0.1296753,-3.3694258205592633,0.626632034778595,0.0001
0.542,0.549,1785856,-0.063,0.019,0.506,18.932,109,247,6.729825019836426,540,-0.03811512421088992,0.2,2.5060830116271973,5.75128168836236,0.476708984375,0.2,0.12456561,-3.411882879957557,0.6308453977108002,0.0001
0.579,0.601,1802240,-0.068,0.023,0.556,19.724,110,247,6.754489898681641,545,-0.04001771284383722,0.2,2.969196319580078,5.868222890421748,0.485791015625,0.2,0.13075714,-3.3753543481230737,0.6211938858032227,0.0001
0.54,0.57,1818624,-0.062,0.021,0.529,18.496,111,247,6.69958233833313,550,-0.039950805102125744,0.2,2.845156669616699,5.75239384919405,0.471337890625,0.2,0.1315203,-3.36946316100657,0.6393453180789948,0.0001
0.555,0.59,1835008,-0.06,0.022,0.552,19.23,112,247,6.711742877960205,555,-0.03913020756299375,0.2,3.029386043548584,6.094858439639211,0.48487548828125,0.2,0.13510346,-3.352240701764822,0.6048094034194946,0.0001
0.512,0.601,1851392,-0.058,0.025,0.568,18.524,113,248,6.7329888343811035,560,-0.0391412265424151,0.2,4.409531116485596,6.21008934751153,0.476318359375,0.2,0.12660524,-3.258644735440612,0.6052329540252686,0.0001
0.566,0.648,1867776,-0.056,0.025,0.618,19.687,114,248,6.777504920959473,565,-0.03977853757096454,0.2,4.791219234466553,5.952120719477534,0.4811279296875,0.2,0.14052522,-3.3524912387132644,0.6099319159984589,0.0001
0.537,0.599,1884160,-0.061,0.021,0.559,18.502,115,247,6.706534385681152,570,-0.04009458595101023,0.2,3.4608399868011475,5.8595760222524405,0.48035888671875,0.2,0.12586173,-3.355699532479048,0.6168678402900696,0.0001
0.528,0.603,1900544,-0.067,0.021,0.557,18.721,116,247,5.427500009536743,575,-0.029399656418564856,0.2,5.405867576599121,6.182923354822047,0.4417279411764706,0.2,0.11501501,-3.3313821184868906,0.6017047464847565,0.0001
0.557,0.612,1916928,-0.065,0.022,0.569,19.98,117,247,4.972147464752197,580,-0.025947933781303858,0.2,5.229138374328613,5.993263261694657,0.44830592105263156,0.2,0.12395197,-3.321734853543733,0.6201107501983643,0.0001
0.59,0.597,1933312,-0.06,0.021,0.558,20.525,118,246,6.703887939453125,585,-0.039221651016850954,0.2,3.0794482231140137,5.884228104352951,0.46728515625,0.2,0.13377109,-3.3344602711498736,0.6201402246952057,0.0001
0.557,0.601,1949696,-0.063,0.019,0.557,19.541,119,247,3.9858953952789307,590,-0.01628555898666188,0.2,4.556055068969727,5.6472804099321365,0.443115234375,0.2,0.10844348,-3.3374658344934383,0.6440056264400482,0.0001
0.51,0.544,1966080,-0.073,0.016,0.487,17.609,120,248,6.411809206008911,595,-0.03681115222921055,0.2,1.7394698858261108,5.417735068965856,0.4698240589198036,0.2,0.14370917,-3.2869126148973082,0.6570082604885101,0.0001
0.538,0.571,1982464,-0.066,0.018,0.523,18.258,121,248,6.730159521102905,600,-0.039368723027291705,0.2,3.813887596130371,5.841328633576632,0.48565673828125,0.2,0.13841245,-3.2579000789672135,0.6241281926631927,0.0001
0.568,0.586,1998848,-0.063,0.019,0.541,20.377,122,247,3.253269672393799,605,-0.0035155267596801184,0.2,3.1726062297821045,5.593150136532722,0.4220525568181818,0.2,0.10615407,-3.284241814117927,0.6369264423847198,0.0001
0.534,0.545,2015232,-0.073,0.019,0.491,18.694,123,248,6.788537502288818,610,-0.04010218028779491,0.2,3.3949837684631348,5.609752574563027,0.48436279296875,0.2,0.14489913,-3.290926594659686,0.6341160237789154,0.0001
0.556,0.601,2031616,-0.062,0.02,0.559,19.374,124,246,6.367202043533325,615,-0.03749026946274705,0.2,3.2145333290100098,5.420358226637636,0.4782513407590759,0.2,0.15079722,-3.255699608979052,0.6557651162147522,0.0001
0.542,0.568,2048000,-0.07,0.019,0.517,18.316,125,247,6.719964027404785,620,-0.03948263871134259,0.2,3.7996764183044434,5.6649690315127375,0.47928466796875,0.2,0.13300064,-3.2679583791643383,0.6316510438919067,0.0001
0.533,0.609,2064384,-0.068,0.021,0.561,18.259,126,247,5.612192630767822,625,-0.03008952295907133,0.2,4.8846025466918945,6.188723357696107,0.4640217644320298,0.2,0.15881123,-3.2362179574131744,0.606143444776535,0.0001
0.545,0.588,2080768,-0.06,0.022,0.55,19.44,127,247,6.712466478347778,630,-0.03808980524627259,0.2,4.274755477905273,5.994377848505974,0.47969970703125,0.2,0.13729276,-3.2308428544551133,0.6201051473617554,0.0001
0.526,0.546,2097152,-0.07,0.017,0.493,18.359,128,247,6.685042142868042,635,-0.03786749155260623,0.2,4.088408470153809,5.930400563031435,0.461865234375,0.2,0.12911615,-3.232536781579256,0.6145140528678894,0.0001
0.59,0.6,2113536,-0.06,0.022,0.561,20.536,129,248,6.727884769439697,640,-0.03847085393354064,0.2,4.6743574142456055,5.947378185763955,0.48831787109375,0.2,0.15152384,-3.131348004937172,0.6164732575416565,0.0001
0.536,0.598,2129920,-0.059,0.024,0.563,19.195,130,247,6.719515800476074,645,-0.036084190403926186,0.2,3.289658784866333,6.077290350571275,0.48768310546875,0.2,0.14350984,-3.108331498131156,0.6102639138698578,0.0001
0.533,0.522,2146304,-0.066,0.02,0.476,18.496,131,249,6.707533359527588,650,-0.03607321477757068,0.2,5.238465785980225,6.02388341166079,0.484326171875,0.2,0.14437859,-3.102619643881917,0.6054029762744904,0.0001
0.515,0.561,2162688,-0.071,0.018,0.508,17.905,132,248,6.695554494857788,655,-0.039452035674185024,0.2,3.596334934234619,5.91909711137414,0.4852783203125,0.2,0.14497098,-3.083518970757723,0.6201085150241852,0.0001
0.529,0.572,2179072,-0.064,0.021,0.529,18.845,133,247,6.738891839981079,660,-0.03685428279277403,0.2,5.27781867980957,6.319684062898159,0.48660888671875,0.2,0.1509238,-3.1440853867679834,0.5995294749736786,0.0001
0.534,0.598,2195456,-0.061,0.021,0.558,18.12,134,247,6.728047847747803,665,-0.03596309680870036,0.2,2.827221632003784,5.949962793663144,0.490576171875,0.2,0.14989004,-3.1589431066066025,0.6211652457714081,0.0001
0.546,0.602,2211840,-0.057,0.023,0.568,20.098,135,248,2.3549177646636963,670,0.008390437174174521,0.2,5.16019344329834,5.797623630099826,0.3935416666666667,0.2,0.09629216,-3.1525787989298504,0.6357746124267578,0.0001
0.544,0.605,2228224,-0.07,0.023,0.559,18.148,136,248,6.67767596244812,675,-0.03683822739112656,0.2,3.861074924468994,6.029845385625959,0.47452392578125,0.2,0.14101276,-3.1954973217099907,0.6066973507404327,0.0001
0.557,0.608,2244608,-0.063,0.024,0.569,18.93,137,246,5.0745697021484375,680,-0.02164051817292483,0.2,4.936850547790527,6.005368087990616,0.4622693607068607,0.2,0.13702258,-3.174421328269023,0.6144906282424927,0.0001
0.578,0.578,2260992,-0.064,0.02,0.533,19.368,138,247,6.709664821624756,685,-0.036698165658162904,0.2,3.8330538272857666,5.884158528223634,0.48165283203125,0.2,0.14301185,-3.216419143602252,0.6318086385726929,0.0001
0.58,0.616,2277376,-0.063,0.022,0.575,19.764,139,248,6.634690761566162,690,-0.03562375254550716,0.2,2.9359071254730225,5.487646180763841,0.48248291015625,0.2,0.14027493,-3.1899257611483334,0.6534887850284576,0.0001
0.55,0.609,2293760,-0.067,0.018,0.561,18.897,140,247,6.709482431411743,695,-0.03765561416512355,0.2,3.035576343536377,5.526109515875578,0.48349609375,0.2,0.14592259,-3.2400792226195336,0.6519618630409241,0.0001
0.527,0.566,2310144,-0.06,0.018,0.525,18.389,141,247,6.707894802093506,700,-0.036673745921143565,0.2,1.2690485715866089,5.631084875762463,0.49107666015625,0.2,0.14582759,-3.2315892398357393,0.642386257648468,0.0001
0.55,0.609,2326528,-0.058,0.023,0.574,19.019,142,246,6.222274303436279,705,-0.03323787607421929,0.2,4.359298229217529,5.798364489166825,0.48438815235690236,0.2,0.16555594,-3.223533681747488,0.6401816010475159,0.0001
